tag,release_datetime
55dba96,2025-11-19T09:33:26
7bd4572,2025-11-20T09:52:37
4845c5c,2025-12-04T13:57:01
09cd766,2025-12-04T15:14:40
782b3e7,2025-12-10T17:52:44
782b3e7,2025-12-10T18:36:35
490c683,2025-12-10T19:46:26
v1.0.0,2025-12-15T09:52:26
v1.0.2,2026-01-05T11:11:40
v1.0.3,2026-01-16T16:17:10
v1.0.4,2026-01-29T10:01:58
v1.0.5,2026-02-04T16:39:45
v1.0.6,2026-02-12T14:22:06
v1.0.7,2026-02-19T09:44:27
8fb1ea9,2026-02-23T15:50:08
v1.0.8,2026-02-25T12:08:53
d17dc46,2026-02-27T17:12:44
v1.0.9,2026-03-05T13:52:31
v1.0.10,2026-03-12T10:30:59
v1.0.11,2026-03-23T09:56:05
v1.0.12,2026-03-30T10:44:15
v1.0.13,2026-04-13T16:40:14
v1.0.14,2026-04-21T09:52:03
v1.0.15,2026-04-28T13:59:52
